freq,T [K],T_err [K]
20.3,55.63336304238959,0.3211892696379006
21.3,67.7090447303641,0.5085712355024603
22.3,81.54843878405131,0.8136595903069697
23.3,61.63095848848957,0.8255804597522387
