freq,T [K],T_err [K]
20.3,25.720336031915053,0.34765704266718533
21.3,32.24785443078002,0.4938136089782804
22.3,37.80655913914518,0.7478517299554224
23.3,28.961604106607638,0.8050868241709707
