freq,T [K],T_err [K]
20.3,41.65947564134683,0.3314196544015829
21.3,48.47618340928244,0.5029156404870975
22.3,57.7122780190972,0.7954057849833436
23.3,45.45061661496493,0.8303582840254903
