freq,T [K],T_err [K]
20.3,70.57355837839157,0.3306137833634943
21.3,86.66012499777662,0.49552254132304435
22.3,96.20155217643958,0.7488783169817596
23.3,80.36379447104287,0.821480174422311
