v_val,v_std
4.351504966199384,0.005582924034914499
