v_val,v_std
4.351504966199384,0.0030364383383066876
