K,K_err,C,C_err
182.04560611374956,3,-276.80375547883443,3
