K,K_err,C,C_err
182.04560611374956,0.2441080573436013,-276.80375547883443,0.8253050831669833
