K,K_err,C,C_err
182.04560610975133,0.0213395662940424,-276.8037554661978,0.30072851267456735
