K,K_err,C,C_err
182.04560610975133,0.24410762241583114,-276.8037554661978,0.8253037981375104
