K,K_err,C,C_err
364.2969337671467,0.24410762241583114,-852.8197158329128,0.9689958004239112
