K,K_err,C,C_err
182.04560611374956,0.021339566314838024,-276.80375547883443,0.3007285126955748
