v_val,v_std
2.111797352627132,0.010483970851297281
