v_val,v_std
2.111797352627132,0.001638403678838609
