,v_val,v_std,T_load_val,T_load_std,T_amp_val,T_amp_std,ele_val,ele_std
0,3.1090696290322586,0.002360278805523264,25.68572580645161,0.0026037773729141686,30.557592225806452,0.014124286081209384,88.9863697096774,0.8161770762692578
