,v_val,v_std,T_load_val,T_load_std,T_amp_val,T_amp_std,ele_val,ele_std
0,6.023504222222224,0.002464661055253669,25.239250000000002,0.004990964057396224,29.99677486111111,0.002797788810956106,17.983330444444444,0.014004396528797659
