K,K_err,C,C_err
650.0392593625154,3,-810.3451652992841,3
