K,K_err,C,C_err
650.0392593625154,3.1848384211265466,-810.3451652992841,5.477622310789034
