K,K_err,C,C_err
650.0392594008061,0.05287882730008218,-810.3451653646506,0.67308512968451
