K,K_err,C,C_err
1328.9474941475396,3.184839261329929,-1969.3142628151463,5.605242215204039
