K,K_err,C,C_err
650.0392594008061,3.184839261329929,-810.3451653646506,5.477623734437501
