K,K_err,C,C_err
650.0392593625154,0.052878824446953555,-810.3451652992841,0.6730851289923678
