Material,T,Terr
hand,4.21429221655319,1.9666869630790758
2 hands,16.038709588193683,0.5286425743865821
blackbody,2.2718775760040444,0.37910599227604236
blue foam,-247.2547799174895,0.459654424195211
cellphone,-247.13417437002227,0.3154769392286941
acrylic,-201.04614422756794,0.4848919558406607
noise,538.1550020045165,0.5372502057836639
load,22.786398404592774,0.3564802735993934
