Material,T,Terr
hand,4.214292217018624,1.9666869630316353
2 hands,16.038709588399456,0.5286425743588469
blackbody,2.2718775765122246,0.3791059922457625
blue foam,-247.25477991150098,0.4596544241730837
cellphone,-247.13417436403643,0.3154769392042314
acrylic,-201.0461442225943,0.4848919558177925
noise,538.1550019932553,0.5372502057349576
load,22.786398404650413,0.3564802735673697
