Material,T,Terr
hand,23.174770097333578,0.5877585203149953
2 hands,23.955657052815525,0.5581956730970595
blackbody,5.790008519495871,0.5704475910638981
blue foam,-239.86647061347378,0.5663567920615138
cellphone,-195.38356838920834,4.120135757983042
acrylic,-209.07926614439424,0.4991787595448618
noise,567.1053711771852,0.7318183887521316
load,25.63262466918269,0.5318592771105916
