Material,T,Terr
hand,23.174770097492683,0.5877585202611647
2 hands,23.95565705292995,0.558195673043826
blackbody,5.790008520650304,0.5704475910110193
blue foam,-239.8664705982555,0.5663567920151225
cellphone,-195.3835683765367,4.120135757745118
acrylic,-209.0792661309385,0.49917875949973095
noise,567.1053711462042,0.7318183886736233
load,25.632624669201164,0.5318592770577518
