Material,T,Terr
hand,20.889106620933717,4.778950542147192
2 hands,25.504629371410147,1.1234569007759156
blackbody,9.375841375683876,0.8570528870715314
blue foam,-236.30797725485047,0.7481592642333899
cellphone,-199.87994904341053,1.1663213545687736
acrylic,-212.8495242819721,0.7530891431109248
noise,588.3257305097138,0.9991585747344907
load,25.919708750407608,0.7818582665620619
