Material,T,Terr
hand,20.88910662124613,4.778950541682763
2 hands,25.50462937145062,1.1234568999283747
blackbody,9.375841376674543,0.8570528860115846
blue foam,-236.3079772393877,0.7481592632601517
cellphone,-199.8799490300936,1.1663213538847583
acrylic,-212.8495242678913,0.7530891421243942
noise,588.3257304766012,0.9991585732383932
load,25.91970875042375,0.7818582653928401
