Material,T,Terr
hand,20.473627548504624,0.879376023942313
2 hands,20.546981893151838,1.0863388143801391
blackbody,8.090726738914668,0.8563505246500751
blue foam,-244.39257223840366,0.8064190600726894
cellphone,-214.85895532713687,1.0872578985861812
acrylic,-215.89879211753566,0.8330052420511438
noise,571.6236654640228,0.9612712742458188
load,29.135336723234218,0.8870182040191065
