Material,T,Terr
hand,20.473627548589207,0.8793760239295263
2 hands,20.546981893235284,1.0863388143644443
blackbody,8.090726739176148,0.8563505246376133
blue foam,-244.39257223453922,0.8064190600609736
cellphone,-214.85895532369398,1.0872578985705077
acrylic,-215.89879211407788,0.8330052420390505
noise,571.6236654562423,0.9612712742317601
load,29.13533672319511,0.8870182040062111
