freq,tau,tau_err,K,K_err,C,C_err
20.3,0.08694364796738324,0.0014380998075981576,364.2969337671467,0.24410762241583114,-1125.9697158329127,0.9689958004239112
21.3,0.11303788637539645,0.002778124873372396,937.7573063980273,1.1915462838619417,-1232.5887261365056,1.87470818935861
22.3,0.1358089878594118,0.005308702611523353,1328.9474941475396,3.184839261329929,-2242.4642628151464,5.605242215204039
23.3,0.09981575513422394,0.002379662431210076,713.8680000691048,0.783096391717512,-2371.9845453175894,2.988081029130492
