freq,tau,tau_err,K,K_err,C,C_err
20.3,0.08694364794373834,0.0014381023895600146,182.04560611374956,0.2441080573436013,-549.9537554788344,0.8253050831669833
21.3,0.11303788643727367,0.002778124450317117,463.4141300492804,1.1915461024578475,-595.9833612667935,1.6706430414454316
22.3,0.13580898792324567,0.005308701211008492,650.0392593625154,3.1848384211265466,-1083.495165299284,5.477622310789034
23.3,0.09981575514965785,0.0023796624224392414,355.2492897466474,0.783096388829781,-1167.1345529548498,2.7237704363316446
