freq,tau,tau_err,K,K_err,C,C_err
20.3,0.08694364794373834,2.0681384828582237e-06,182.04560611374956,0.021339566314838024,-549.9537554788344,0.3007285126955748
21.3,0.11303788643727367,7.717975461449783e-06,463.4141300492804,0.03073371861791112,-595.9833612667935,0.4852599199161524
22.3,0.13580898792324567,2.8182308547763025e-05,650.0392593625154,0.052878824446953555,-1083.495165299284,0.6730851289923678
23.3,0.09981575514965785,5.662793244769399e-06,355.2492897466474,0.04755293967792065,-1167.1345529548498,0.7228187905176217
