,v_val,v_std,T_load_val,T_load_std,T_amp_val,T_amp_std,ele_val,ele_std
0,1.6627645238095237,0.0018995866873523907,25.78752380952381,0.003126218583271661,30.730456428571426,0.003528362422959576,88.91543295238095,0.6113868159863703
