v_val,v_std
4.043562994066349,0.0029828696709939552
