v_val,v_std
4.043562994066349,0.009705788910910812
