K,K_err,C,C_err
355.2492897466474,3,-893.98455295485,3
