K,K_err,C,C_err
355.2492897466474,0.04755293967792065,-893.98455295485,0.7228187905176217
