K,K_err,C,C_err
355.24928975171696,0.047552939678794925,-893.9845529718823,0.7228187905280817
