K,K_err,C,C_err
355.24928975171696,0.783096391717512,-893.9845529718823,2.7237704457055845
