K,K_err,C,C_err
713.8680000691048,0.783096391717512,-2098.8345453175893,2.988081029130492
