K,K_err,C,C_err
355.2492897466474,0.783096388829781,-893.98455295485,2.7237704363316446
