,v_val,v_std,T_load_val,T_load_std,T_amp_val,T_amp_std,ele_val,ele_std
0,0.7684636,0.0006281112746427442,26.007199999999997,0.003264965543463105,30.9687723,0.0023559174030511974,88.81582308333333,0.27299178543857766
