,v_val,v_std,T_load_val,T_load_std,T_amp_val,T_amp_std,ele_val,ele_std
0,0.8644531250000002,0.008828762551609824,26.028458333333333,0.0031751531021705906,30.969193,0.0035709737700888753,88.89270483333333,0.6524524398558778
