v_val,v_std
1.8650836297371525,0.0016373933320133628
