v_val,v_std
1.8650836297371525,0.0042175211632798654
