K,K_err,C,C_err
463.4141300492804,1.1915461024578475,-322.8333612667936,1.6706430414454316
