K,K_err,C,C_err
937.7573063980273,1.1915462838619417,-959.4387261365057,1.87470818935861
