K,K_err,C,C_err
463.4141300492804,0.03073371861791112,-322.8333612667936,0.4852599199161524
