K,K_err,C,C_err
463.414130075811,1.1915462838619417,-322.83336130239974,1.6706432744929454
