K,K_err,C,C_err
463.414130075811,0.030733718727293878,-322.83336130239974,0.48525991995620993
