K,K_err,C,C_err
463.4141300492804,3,-322.8333612667936,3
